"K_mean","K_stdev","K_median","K_errlo","K_errup","P_mean","P_stdev","P_median","P_errlo","P_errup","tau_mean","tau_stdev","tau_median","tau_errlo","tau_errup","e_mean","e_stdev","e_median","e_errlo","e_errup","omega_mean","omega_stdev","omega_median","omega_errlo","omega_errup","offset_mean","offset_stdev","offset_median","offset_errlo","offset_errup"
2.420284102001904714e+01,9.818321368134034222e-01,2.417659423460494494e+01,2.325383629321665424e+01,2.510248125585460244e+01,3.729278382142891246e+01,9.670523059121263643e+00,3.977063843135352528e+01,3.926664616101555083e+01,4.027132664766948267e+01,5.524691036821494095e-01,2.765141426103192024e-01,5.808883351840283815e-01,2.240236192542478244e-01,8.706557785148749673e-01,1.920652284460081516e-01,9.181906382276711076e-02,1.811749466054327629e-01,1.146740530467068447e-01,2.510865158462114999e-01,1.342363574625524913e+00,1.160506793678697024e+00,1.038673793141412061e+00,7.293742598102616048e-01,1.492354193670517803e+00,-1.078882162919713572e+01,1.782145985582411774e+00,-1.051456743611790046e+01,-1.210811939167713547e+01,-9.236126110719126814e+00
