{
    "niter": 28777,
    "logz": -24.944100342407793,
    "logzerr": 0.14233769212779954,
    "logz_bs": -24.913727839339334,
    "logz_single": -24.944100342407793,
    "logzerr_tail": 0.009947433903644054,
    "logzerr_bs": 0.14198967271953578,
    "ess": 7050.948054974374,
    "H": 20.135952956781388,
    "Herr": 0.08421329346312373,
    "posterior": {
        "mean": [
            24.202841020019047,
            37.29278382142891,
            0.5524691036821494,
            0.19206522844600815,
            1.342363574625525,
            -10.788821629197136
        ],
        "stdev": [
            0.9818321368134034,
            9.670523059121264,
            0.2765141426103192,
            0.09181906382276711,
            1.160506793678697,
            1.7821459855824118
        ],
        "median": [
            24.176594234604945,
            39.770638431353525,
            0.5808883351840284,
            0.18117494660543276,
            1.038673793141412,
            -10.5145674361179
        ],
        "errlo": [
            23.253836293216654,
            39.26664616101555,
            0.22402361925424782,
            0.11467405304670684,
            0.7293742598102616,
            -12.108119391677135
        ],
        "errup": [
            25.102481255854602,
            40.27132664766948,
            0.870655778514875,
            0.2510865158462115,
            1.4923541936705178,
            -9.236126110719127
        ],
        "information_gain_bits": [
            3.402646811343807,
            3.8618115056778293,
            -5.145608841621265,
            -0.49980791920547185,
            -1.392842112550104,
            3.5182560509658583
        ]
    },
    "maximum_likelihood": {
        "logl": -1.4470165766418686,
        "point": [
            24.15067128141955,
            39.672842433045666,
            0.7265832328631313,
            0.2058976383312712,
            0.9917444426135206,
            -10.902051158231828
        ],
        "point_untransformed": [
            0.2415067128141955,
            0.6496233293519857,
            0.7265832328631313,
            0.20797741245582949,
            0.15784103032585833,
            0.44548974420884085
        ]
    },
    "ncall": 7066674,
    "paramnames": [
        "K",
        "P",
        "tau",
        "e",
        "omega",
        "offset"
    ],
    "logzerr_single": 0.14190120844017287,
    "insertion_order_MWW_test": {
        "independent_iterations": Infinity,
        "converged": true
    }
}